{
  "img_important_indices": [
    87,
    347,
    49,
    111,
    101,
    80,
    463,
    311,
    252,
    433,
    175,
    86,
    431,
    66,
    200,
    249,
    380,
    427,
    45,
    391,
    134,
    320,
    156,
    194,
    508,
    350,
    34,
    402,
    473,
    177,
    277,
    469,
    195,
    239,
    180,
    331,
    360,
    40,
    418,
    432,
    102,
    259,
    220,
    61,
    291,
    83,
    196,
    233,
    359,
    147,
    224,
    453,
    399,
    442,
    383,
    152,
    481,
    67,
    321,
    301,
    298,
    385,
    308,
    121,
    466,
    235,
    305,
    57,
    319,
    157,
    245,
    388,
    273,
    110,
    417,
    142,
    296,
    14,
    247,
    356,
    258,
    60,
    99,
    306,
    415,
    198,
    493,
    355,
    48,
    20,
    381,
    317,
    378,
    12,
    8,
    423,
    410,
    282,
    504,
    363
  ],
  "img_mean_features_lowconfidence": [
    0.0074206264689564705,
    0.0003374505031388253,
    -0.014016874134540558,
    0.008365333080291748,
    0.03465164825320244,
    -0.0037524919025599957,
    0.014272037893533707,
    0.020675374194979668,
    0.012583632953464985,
    -0.0033922153525054455,
    0.0281241275370121,
    0.00228890054859221,
    0.02059652842581272,
    0.0028409790247678757,
    0.00900555495172739,
    0.0016012178966775537,
    0.06769644469022751,
    0.0036943675950169563,
    0.009754739701747894,
    -0.0015453897649422288,
    0.000284060399280861,
    -0.003606684971600771,
    -0.012207221239805222,
    -0.007136037107557058,
    -0.01506020687520504,
    0.019591722637414932,
    -0.004827604163438082,
    0.01153148990124464,
    0.005350625142455101,
    0.004859338980168104,
    0.01297729555517435,
    -0.014658328145742416,
    0.005281117744743824,
    0.008390790782868862,
    0.019925041124224663,
    -0.0007040491909720004,
    -0.009316075593233109,
    0.03304267302155495,
    -0.02441786602139473,
    0.015389957465231419,
    -0.005927274003624916,
    -0.010402766056358814,
    -0.004701533354818821,
    -0.0133509561419487,
    0.008575228042900562,
    0.22203826904296875,
    0.0020037912763655186,
    0.001338503323495388,
    0.006721556652337313,
    2.916644916695077e-06,
    0.005816803313791752,
    0.005950586404651403,
    0.011212672106921673,
    0.0008836650522425771,
    -0.003988031297922134,
    -0.018532073125243187,
    0.030254321172833443,
    0.016909686848521233,
    0.010896089486777782,
    -0.003108991077169776,
    0.06763046979904175,
    0.0047532254830002785,
    0.006344762165099382,
    -0.011340872384607792,
    -0.005337377078831196,
    -0.023349568247795105,
    -0.006357110105454922,
    0.04869284853339195,
    -0.005692656617611647,
    0.008945113979279995,
    0.011028391309082508,
    0.00977007020264864,
    -0.014837169088423252,
    0.007464686408638954,
    0.000432343891588971,
    0.012678266502916813,
    -0.017371226102113724,
    -0.012137134559452534,
    0.003837013151496649,
    -0.008290012367069721,
    0.006936738267540932,
    -0.00444900942966342,
    0.0010456657037138939,
    -0.045180633664131165,
    0.005462491884827614,
    0.013520510867238045,
    0.06820317357778549,
    -0.006051087286323309,
    0.0001539921504445374,
    -0.007572439964860678,
    0.01000771764665842,
    -0.021540390327572823,
    -0.6692901253700256,
    -0.01827119290828705,
    -0.008214425295591354,
    0.00740311574190855,
    0.0006792956264689565,
    0.009089169092476368,
    -0.0009610764100216329,
    0.019515225663781166,
    0.004985867068171501,
    0.01465465035289526,
    0.0028023484628647566,
    -0.006643949542194605,
    -0.014804444275796413,
    0.016357751563191414,
    -0.04065922647714615,
    -0.003880570875480771,
    -0.02724292129278183,
    0.002800068585202098,
    0.004326873458921909,
    -0.06513844430446625,
    -0.0023926780559122562,
    -0.004008268006145954,
    -0.013706746511161327,
    0.0037516672164201736,
    -0.027891306206583977,
    0.0009146092925220728,
    0.0153573639690876,
    -0.00998732354491949,
    0.006018869113177061,
    -0.011352605186402798,
    -0.012388592585921288,
    0.009356413967907429,
    0.013619079254567623,
    -0.008806396275758743,
    -0.0014476838987320662,
    -0.004532010294497013,
    0.004864274524152279,
    0.007820931263267994,
    0.010116088204085827,
    0.0016782279126346111,
    0.008761552162468433,
    0.08800575882196426,
    0.011084232479333878,
    0.002246457850560546,
    -0.0019868805538862944,
    -0.025127794593572617,
    -0.038054775446653366,
    -0.006094408221542835,
    0.002854151651263237,
    -0.0061994148418307304,
    0.004963503684848547,
    -0.0036515132524073124,
    0.003848870052024722,
    0.00563774723559618,
    -0.009964770637452602,
    0.024429822340607643,
    -0.011721187271177769,
    0.005899413488805294,
    -0.008069083094596863,
    -0.004539498593658209,
    0.016655446961522102,
    -0.0045150211080908775,
    0.004620733205229044,
    -0.017899945378303528,
    -0.022497955709695816,
    -0.0065361070446670055,
    -0.005093572661280632,
    0.0022886048536747694,
    -0.026751145720481873,
    0.002300818683579564,
    -0.02719283103942871,
    0.0010349351214244962,
    0.014505637809634209,
    0.022898804396390915,
    0.005712491925805807,
    0.021723289042711258,
    0.00852816179394722,
    -0.007892717607319355,
    0.001786598702892661,
    -0.0054680053144693375,
    0.012066958472132683,
    -0.004385570529848337,
    -0.0004299825814086944,
    -0.004506523720920086,
    0.062145914882421494,
    0.023991841822862625,
    -0.006501876283437014,
    0.005309664644300938,
    -0.002911672228947282,
    -0.018840041011571884,
    -0.006795394234359264,
    -0.004255760461091995,
    -0.011286182329058647,
    -0.0001016496098600328,
    -0.010420317761600018,
    -0.0012092066463083029,
    -0.003958983812481165,
    -0.003402027068659663,
    0.005857678595930338,
    0.0030294929165393114,
    0.014573128893971443,
    0.003780848579481244,
    0.06719954311847687,
    -0.0039284247905015945,
    -0.0012291943421587348,
    0.0059576136991381645,
    -0.013581943698227406,
    0.002625349210575223,
    -0.004549434874206781,
    0.010567253455519676,
    0.003912396728992462,
    0.02294096164405346,
    0.007410938385874033,
    0.011225409805774689,
    -0.007266187109053135,
    -0.012469171546399593,
    0.020863862708210945,
    -0.011611280962824821,
    0.01355127152055502,
    0.010626746341586113,
    -0.0024404171854257584,
    -0.012082678265869617,
    -0.011986120603978634,
    -0.003930830396711826,
    -0.009918121621012688,
    0.0007018197211436927,
    0.04509017989039421,
    -0.02434355393052101,
    0.008025726303458214,
    0.05773628130555153,
    -0.006910865195095539,
    6.66103296680376e-05,
    -0.008766023442149162,
    -0.017071645706892014,
    0.003343722317367792,
    -0.007142701651901007,
    0.01393994688987732,
    0.007498019840568304,
    0.011952061206102371,
    0.011137335561215878,
    -0.011358042247593403,
    -0.015725746750831604,
    -0.0017223079921677709,
    0.025043556466698647,
    -0.01870674453675747,
    0.015313727781176567,
    -0.0035410886630415916,
    -0.006389554124325514,
    0.023502159863710403,
    -0.001180701656267047,
    0.007162817753851414,
    -0.004175879526883364,
    -0.013314377516508102,
    -0.046415045857429504,
    -0.010803209617733955,
    0.003599791321903467,
    0.01271504070609808,
    0.005711090750992298,
    -0.02060771733522415,
    -0.0012404342414811254,
    0.00259875669144094,
    -0.009361263364553452,
    -0.011750901117920876,
    0.0016901548951864243,
    -0.008185949176549911,
    0.008757264353334904,
    0.05385175347328186,
    -0.0009841691935434937,
    0.01995290257036686,
    -0.01857624761760235,
    0.0008656253339722753,
    -0.023911641910672188,
    0.011109817773103714,
    0.008808508515357971,
