{
  "img_important_indices": [
    32,
    199,
    34,
    350,
    71,
    494,
    237,
    53,
    6,
    260,
    103,
    26,
    364,
    284,
    227,
    22,
    88,
    381,
    394,
    340,
    136,
    16,
    391,
    121,
    130,
    203,
    493,
    292,
    17,
    454,
    39,
    465,
    98,
    492,
    210,
    91,
    367,
    396,
    286,
    117,
    154,
    441,
    9,
    267,
    73,
    123,
    62,
    157,
    195,
    489,
    254,
    223,
    503,
    255,
    24,
    11,
    178,
    323,
    307,
    149,
    69,
    459,
    376,
    271,
    282,
    115,
    160,
    204,
    432,
    232,
    311,
    460,
    184,
    96,
    169,
    469,
    152,
    179,
    183,
    106,
    177,
    385,
    401,
    324,
    54,
    60,
    116,
    93,
    470,
    461,
    19,
    294,
    147,
    104,
    198,
    187,
    357,
    402,
    220,
    137
  ],
  "img_mean_features_lowconfidence": [
    0.009036073461174965,
    0.0003965754876844585,
    -0.013033529743552208,
    0.009316282346844673,
    0.03334543853998184,
    -0.0015560754109174013,
    0.014558765105903149,
    0.02025025337934494,
    0.017220236361026764,
    -0.0035043838433921337,
    0.027544554322957993,
    0.0015743108233436942,
    0.019116492941975594,
    0.0036591808311641216,
    0.007382399868220091,
    0.0029552995692938566,
    0.07328982651233673,
    0.004956566262990236,
    0.00965445302426815,
    -0.0015048105269670486,
    0.0006169641274027526,
    -0.004528725985437632,
    -0.012264946475625038,
    -0.007723890710622072,
    -0.015627821907401085,
    0.019711047410964966,
    -0.002702334662899375,
    0.01181159820407629,
    0.006296986248344183,
    0.004416836425662041,
    0.014546981081366539,
    -0.01526664849370718,
    0.00464538112282753,
    0.00811383593827486,
    0.020160410553216934,
    -0.0002919277467299253,
    -0.009760663844645023,
    0.034446343779563904,
    -0.022935427725315094,
    0.01518312469124794,
    -0.005762814544141293,
    -0.010899880900979042,
    -0.002727242885157466,
    -0.01412004791200161,
    0.0073833223432302475,
    0.22252586483955383,
    0.0011721787741407752,
    0.0005263575003482401,
    0.005363570060580969,
    -0.0012843729928135872,
    0.005058943759649992,
    0.005997669883072376,
    0.01140717975795269,
    0.001087742974050343,
    -0.005702194292098284,
    -0.019032688811421394,
    0.031199125573039055,
    0.017218997702002525,
    0.010804733261466026,
    -0.003479104256257415,
    0.06618276983499527,
    0.004844557959586382,
    0.00528944656252861,
    -0.010368766263127327,
    -0.0049498421140015125,
    -0.025648195296525955,
    -0.004776974208652973,
    0.04675723612308502,
    -0.005502194166183472,
    0.008232498541474342,
    0.010223479941487312,
    0.01004705298691988,
    -0.014058826491236687,
    0.011828213930130005,
    0.0001263692684005946,
    0.013888988643884659,
    -0.015907449647784233,
    -0.011815748177468777,
    0.0028412742540240288,
    -0.007969317026436329,
    0.0057603418827056885,
    -0.006144558545202017,
    0.0011928364401683211,
    -0.041164569556713104,
    0.006650350522249937,
    0.012464979663491249,
    0.061953939497470856,
    -0.006084829568862915,
    -0.0011326414532959461,
    -0.007640922907739878,
    0.010335398837924004,
    -0.022217120975255966,
    -0.6664319634437561,
    -0.019615357741713524,
    -0.008102663792669773,
    0.007783317007124424,
    0.00132948684040457,
    0.009076228365302086,
    0.0013371682725846767,
    0.017025578767061234,
    0.006229365710169077,
    0.013382651843130589,
    0.0010293532395735383,
    -0.006004811730235815,
    -0.013966543599963188,
    0.016204534098505974,
    -0.04575250670313835,
    -0.005416014697402716,
    -0.028056859970092773,
    0.004339050501585007,
    0.004067238885909319,
    -0.06889023631811142,
    -0.0032370961271226406,
    -0.003231087699532509,
    -0.013360092416405678,
    0.0038160495460033417,
    -0.024604735895991325,
    0.0018046319019049406,
    0.01481638289988041,
    -0.009971779771149158,
    0.007109197322279215,
    -0.012747187167406082,
    -0.010831828229129314,
    0.0077062644995749,
    0.014440331608057022,
    -0.008135703392326832,
    -0.0007643675780855119,
    -0.002977138850837946,
    0.00509446207433939,
    0.007508262526243925,
    0.009682765230536461,
    0.000978421070612967,
    0.008892480283975601,
    0.08730487525463104,
    0.008921448141336441,
    0.002616330748423934,
    -0.0025710647460073233,
    -0.03050750494003296,
    -0.0391407273709774,
    -0.0059640053659677505,
    0.004274073522537947,
    -0.004428237210959196,
    0.0004506039258558303,
    -0.004565015900880098,
    0.005007309373468161,
    0.007169282995164394,
    -0.008875115774571896,
    0.02323968894779682,
    -0.010890061967074871,
    0.007509373128414154,
    -0.008423800580203533,
    -0.004826301243156195,
    0.019518889486789703,
    -0.006104146596044302,
    0.005438268184661865,
    -0.01796843856573105,
    -0.020579136908054352,
    -0.007212616037577391,
    -0.0047928569838404655,
    0.00231920019723475,
    -0.027483876794576645,
    0.0007192092016339302,
    -0.026583056896924973,
    0.0010997108183801174,
    0.014569319784641266,
    0.022339168936014175,
    0.0044720787554979324,
    0.021624773740768433,
    0.008404240012168884,
    -0.008108495734632015,
    0.0017118843970820308,
    -0.0056579215452075005,
    0.012626892887055874,
    -0.004878025036305189,
    0.0009837824618443847,
    -0.004111017566174269,
    0.06507918238639832,
    0.024895377457141876,
    -0.006721760146319866,
    0.005899387411773205,
    -0.0019847266376018524,
    -0.01988002471625805,
    -0.005523571278899908,
    -0.003231242299079895,
    -0.00938809011131525,
    -1.103817794501083e-05,
    -0.009981201030313969,
    -0.0005207249778322875,
    -0.0063858660869300365,
    -0.003687142627313733,
    0.006704709492623806,
    0.002089205663651228,
    0.015024472028017044,
    0.003705697599798441,
    0.06462389975786209,
    -0.0032501351088285446,
    0.00037224547122605145,
    0.005287736188620329,
    -0.012189771048724651,
    0.0033197933807969093,
    -0.004937866702675819,
    0.011205884627997875,
    0.003455955069512129,
    0.022913699969649315,
    0.008475100621581078,
    0.011338690295815468,
    -0.007211956661194563,
    -0.01305790338665247,
    0.019322926178574562,
    -0.013577098958194256,
    0.016463477164506912,
    0.01232264656573534,
    -0.0017706365324556828,
    -0.011628764681518078,
    -0.012989361770451069,
    -0.004300806205719709,
    -0.009564892388880253,
    0.0006484134937636554,
    0.044825535267591476,
    -0.024827737361192703,
    0.008282863534986973,
    0.05916224420070648,
    -0.005892005283385515,
    0.0001468577975174412,
    -0.007402133662253618,
    -0.016436828300356865,
    0.002611011965200305,
    -0.0037840467412024736,
    0.013491437770426273,
    0.007167587988078594,
    0.011067642830312252,
    0.0121031254529953,
    -0.015393596142530441,
    -0.01539253443479538,
    -0.002447916893288493,
    0.03027942217886448,
    -0.01638013683259487,
    0.014467107132077217,
    -0.0034793021623045206,
    -0.008568083867430687,
    0.023413583636283875,
    0.00044622516725212336,
    0.004458208102732897,
    -0.003823254257440567,
    -0.011900380253791809,
    -0.040969982743263245,
    -0.012257341295480728,
    0.0022919108159840107,
    0.01194976456463337,
    0.006085071247071028,
    -0.01918892376124859,
    -0.0014725615037605166,
    0.003997635096311569,
    -0.01143804844468832,
    -0.01174918096512556,
    0.0005928227328695357,
    -0.007431276608258486,
    0.0089378347620368,
    0.0551520474255085,
    -9.41740654525347e-05,
    0.01970105618238449,
    -0.018091704696416855,
    0.0021311971358954906,
    -0.024582598358392715,
    0.012752627022564411,
    0.008448895998299122,
