{
  "img_important_indices": [
    489,
    346,
    311,
    350,
    116,
    24,
    51,
    247,
    92,
    374,
    400,
    356,
    56,
    300,
    215,
    290,
    166,
    445,
    47,
    465,
    66,
    81,
    180,
    506,
    298,
    25,
    198,
    428,
    402,
    200,
    139,
    250,
    410,
    398,
    176,
    408,
    387,
    128,
    380,
    185,
    351,
    249,
    48,
    329,
    419,
    446,
    119,
    406,
    409,
    129,
    314,
    282,
    427,
    83,
    466,
    385,
    18,
    152,
    12,
    147,
    360,
    160,
    218,
    272,
    503,
    324,
    194,
    453,
    153,
    93,
    255,
    220,
    26,
    321,
    286,
    405,
    235,
    319,
    390,
    124,
    111,
    481,
    106,
    98,
    376,
    317,
    181,
    16,
    357,
    423,
    339,
    364,
    432,
    121,
    210,
    178,
    450,
    67,
    305,
    367
  ],
  "img_mean_features_lowconfidence": [
    0.007044254802167416,
    0.0007279650308191776,
    -0.004094542469829321,
    0.013450399041175842,
    0.03304125741124153,
    -0.0035624373704195023,
    0.011038173921406269,
    0.015962878242135048,
    0.021976761519908905,
    -0.011267365887761116,
    0.024455484002828598,
    0.004285984672605991,
    0.011951243504881859,
    0.002823946066200733,
    0.011069520376622677,
    0.00734700309112668,
    0.03364143520593643,
    0.0013060263590887189,
    0.013068366795778275,
    -0.0020396162290126085,
    -0.01215264294296503,
    -0.0026324528735131025,
    -0.00902221817523241,
    -0.007541648577898741,
    -0.029341179877519608,
    0.01574702188372612,
    0.00030900302226655185,
    0.011243144050240517,
    0.0053754025138914585,
    0.0029679310973733664,
    0.014555337838828564,
    -0.01249370351433754,
    0.009837965480983257,
    0.012582208029925823,
    0.010325837880373001,
    4.026493479614146e-05,
    -0.010059557855129242,
    0.037104953080415726,
    -0.030038094148039818,
    -0.004145369865000248,
    -0.009999798610806465,
    -0.007896621711552143,
    -0.005410130135715008,
    -0.014214348047971725,
    0.004852833226323128,
    0.21594007313251495,
    0.005978735163807869,
    0.003854125738143921,
    0.00878816470503807,
    -0.005810336209833622,
    0.0042127035558223724,
    0.002123886486515403,
    0.014391936361789703,
    -0.004880277905613184,
    -0.004531779792159796,
    -0.01638900488615036,
    0.019873548299074173,
    0.016185259446501732,
    0.002256803447380662,
    -0.00033786080894060433,
    0.08316847681999207,
    0.0036409737076610327,
    0.0026262751780450344,
    -0.01464975718408823,
    -0.00931212306022644,
    -0.020280268043279648,
    -0.0027879741974174976,
    0.06301536411046982,
    -0.013822698034346104,
    0.007940394803881645,
    0.01553742028772831,
    0.01622770167887211,
    -0.008649331517517567,
    -0.002566968323662877,
    -0.002169030951336026,
    0.008325666189193726,
    -0.01635667495429516,
    -0.009457158856093884,
    0.00577090959995985,
    -0.006576551590114832,
    -0.005233883857727051,
    -0.0043053231202065945,
    -0.00134859059471637,
    -0.04645999148488045,
    0.006624553818255663,
    0.008326631970703602,
    0.06143489107489586,
    -0.007299117278307676,
    0.006068103481084108,
    -0.005857894197106361,
    0.0081360824406147,
    -0.02556266076862812,
    -0.6831469535827637,
    -0.015601917169988155,
    -0.0030175959691405296,
    0.009149611927568913,
    0.0037385851610451937,
    0.009798707440495491,
    -0.014942505396902561,
    0.013465292751789093,
    0.00044174923095852137,
    0.012799825519323349,
    0.003608085447922349,
    -0.004872611723840237,
    -0.028895175084471703,
    0.011734750121831894,
    -0.012174173258244991,
    -0.0014397292397916317,
    -0.0248758252710104,
    0.0015236437320709229,
    0.00488386070355773,
    -0.05543777719140053,
    0.0020448218565434217,
    -0.007434339262545109,
    -0.017629489302635193,
    0.001973559148609638,
    -0.021999027580022812,
    -0.0027468856424093246,
    0.008534112945199013,
    -0.01699092797935009,
    0.006582132540643215,
    -0.018429473042488098,
    -0.00694006122648716,
    0.010833869688212872,
    0.01309995912015438,
    -0.009497181512415409,
    -0.001799286575987935,
    -0.00976722501218319,
    -0.0018727489514276385,
    0.016087444499135017,
    0.008334748446941376,
    -0.0066602639853954315,
    0.00546301482245326,
    0.08833856135606766,
    0.024483205750584602,
    0.0021529553923755884,
    0.0027722730301320553,
    -0.003422540845349431,
    -0.039055440574884415,
    -0.0013935338938608766,
    0.006483406759798527,
    -0.005754157900810242,
    -0.005280754063278437,
    -0.0010931789875030518,
    0.0023077193181961775,
    0.0055981888435781,
    -0.0076498365961015224,
    0.04386911913752556,
    -0.008334566839039326,
    -0.0012496219715103507,
    -0.006206831894814968,
    0.0003694689366966486,
    0.008087490685284138,
    -0.01614409312605858,
    0.009413587860763073,
    -0.019389865919947624,
    -0.015062833204865456,
    -0.004986611660569906,
    -0.004789856728166342,
    0.005875419359654188,
    -0.019422192126512527,
    0.004786727484315634,
    -0.025386273860931396,
    0.00438103498890996,
    0.00703991437330842,
    0.01743590272963047,
    -0.008149244822561741,
    0.02149714156985283,
    0.008311058394610882,
    -0.007816297002136707,
    0.0011792778968811035,
    -0.011235985904932022,
    0.008020220324397087,
    -0.0009472185047343373,
    -0.004496434237807989,
    -0.010466629639267921,
    0.05622464418411255,
    0.023716211318969727,
    -0.023313993588089943,
    0.0008090785122476518,
    -0.005808122456073761,
    -0.019363993778824806,
    -0.0031896333675831556,
    -0.018614651635289192,
    -0.014885666780173779,
    0.001777533907443285,
    -0.01476988010108471,
    -0.011126518249511719,
    0.0009168559336103499,
    0.0012255179462954402,
    0.004140522796660662,
    0.0009821411222219467,
    0.00743748527020216,
    -0.005344259086996317,
    0.05570575222373009,
    -0.0025487213861197233,
    0.0037281860131770372,
    0.00944593083113432,
    -0.034154828637838364,
    0.0010468579130247235,
    -0.00042637245496734977,
    0.00427846098318696,
    0.0015352797927334905,
    0.025042425841093063,
    0.008907776325941086,
    0.011442246846854687,
    -0.0054667433723807335,
    -0.00846747774630785,
    0.01587894931435585,
    -0.005378518253564835,
    -0.0023505452554672956,
    0.005550078582018614,
    -0.0011387898121029139,
    -0.0064679100178182125,
    -0.007667980156838894,
    0.005929358769208193,
    -0.010802880860865116,
    -0.0010895926970988512,
    0.03380754217505455,
    -0.02603857032954693,
    0.04050728306174278,
    0.056539446115493774,
    -0.01280435174703598,
    0.006421102210879326,
    -0.004262080416083336,
    -0.009061135351657867,
    0.006337021477520466,
    -0.013475591316819191,
    0.014548994600772858,
    0.009152193553745747,
    0.010801557451486588,
    0.010736607946455479,
    -0.006343850400298834,
    -0.021507877856492996,
    0.0007447459502145648,
    0.033580511808395386,
    -0.018856681883335114,
    0.008175953291356564,
    -0.004999724682420492,
    -0.01276188250631094,
    0.022468402981758118,
    0.003983458504080772,
    0.005112433806061745,
    0.00031803635647520423,
    -0.021483104676008224,
    -0.0457332469522953,
    -0.013087508268654346,
    -0.007596570532768965,
    0.012212417088449001,
    0.01022251509130001,
    -0.021302763372659683,
    -0.0013205865398049355,
    0.0001852706918725744,
    -0.006534926127642393,
    -0.01882077381014824,
    0.0016615540953353047,
    -0.009265611879527569,
    0.00885808002203703,
    0.06020069122314453,
    -0.004664628300815821,
    0.011571558192372322,
    -0.018544035032391548,
    -0.00034758352558128536,
    -0.020958187058568,
    0.01636531762778759,
    0.009977416135370731,
